corpus,jsd_unigram,jsd_bigram,embedding_similarity
arabic_quran,0.4999999999999999,0.5,
english,0.954272149030865,0.9993831724622388,0.11002523452043533
hebrew,0.4999999999999999,0.5,
hebrew_raw,0.4999999999999999,0.5,
latin,0.9545988652930699,0.9990366969968494,0.12123355269432068
middle_english,0.9586013973961325,0.9996627279397585,0.13344277441501617
